{
	/*
		 // Place your snippets for HTML here. Each snippet is defined under a snippet name and has a prefix, body and 
		 // description. The prefix is what is used to trigger the snippet and the body will be expanded and inserted. Possible variables are:
		 // $1, $2 for tab stops, $0 for the final cursor position, and ${1:label}, ${2:another} for placeholders. Placeholders with the 
		 // same ids are connected.
		 // Example:
		 "Print to console": {
			"prefix": "log",
			"body": [
				"console.log('$1');",
				"$2"
			],
			"description": "Log output to console"
		}
	*/
	
	"my_script": {
		"prefix": "my_script",
		"body": [
			"<script>$0</script>"
		],
		"description": "快速创建script标签"
	},
	"my_script_tem": {
		"prefix": "my_script_tem",
		"body": [
			"<script id='$1' type=\"text/html\">$0</script>"
		],
		"description": "快速创建script标签"
	},
	"my_script_src": {
		"prefix": "my_script_src",
		"body": [
			"<script  src=\"$0\"></script>"
		],
		"description": "快速创建script标签带src"
	},
	"my_link": {
		"prefix": "my_link",
		"body": [
			"<link rel = \"stylesheet\"  href = \"$0\" / >"
		],
		"description": "快速创建link标签"
	},
	"my_viewport": {
		"prefix": "my_viewport",
		"body": [
			"<meta name=\"viewport\" content=\"width=device-width, user-scalable=no, initial-scale=1.0, maximum-scale=1.0, minimum-scale=1.0\">"
		],
		"description": "快速创建视口属性"
	},
	"my_html5": {
		"prefix": "my_html5",
		"body": [
			"<!DOCTYPE html>",
			"<html lang=\"zh-CN\">",
			"<head>",
			"    <meta charset=\"UTF-8\">",
			"    <title>title</title>",
			"</head>",
			"<body>",
			"$0",
			"</body>",
			"</html>"
		],
		"description": "快速创建视口属性"
	},
	"my_a": {
		"prefix": "my_a",
		"body": [
			"a[href='javascript:void(0)']{$0}"
		],
		"description": "快速创建a标签"
	},
		"my_template": {
		"prefix": "my_tem",
		"body": [
			"<script type=\"text/html\" id=\"$1\">$0</script>"
		],
		"description": "模板"
	}
}