{
	/*
		 // Place your snippets for JavaScript here. Each snippet is defined under a snippet name and has a prefix, body and 
		 // description. The prefix is what is used to trigger the snippet and the body will be expanded and inserted. Possible variables are:
		 // $1, $2 for tab stops, $0 for the final cursor position, and ${1:label}, ${2:another} for placeholders. Placeholders with the 
		 // same ids are connected.
		 // Example:
		 "Print to console": {
			"prefix": "log",
			"body": [
				"console.log('$1');",
				"$2"
			],
			"description": "Log output to console"
		}
	*/
	"my_ajax_header": {
		"prefix": "my_ajax_header",
		"body": [
			"$1.setRequestHeader(\"Content-type\",\"application/x-www-form-urlencoded\");"
		],
		"description": "设置ajax中post的请求头"
	},
	"my_log": {
		"prefix": "my_log",
		"body": [
			"console.log($1);"
		],
		"description": "快速创建log"
	},
	"my_zs": {
		"prefix": "my_zs",
		"body": [
			"// $0----------------------------------------"
		],
		"description": "快速创建注释"
	},
	"my_ajax_5steps": {
		"prefix": "my_ajax_5steps",
		"body": [
			"//1.创建异步对象",
			"//2.设置请求行",
			"//3.设置请求头(get请求可以省略)",
			"//4.注册状态改变事件",
			"//4.1判断状态&请求是否成功并使用数据",
			"//5.发送请求"
		],
		"description": "快速生成ajax五步使用注释"
	},
	"my_ajax_5steps_normal": {
		"prefix": "my_ajax_5steps_normal",
		"body": [
			"//1.创建对象",
			"//2.设置请求行(get请求数据写在url后面)",
			"//3.设置请求头(get请求可以省略,post不发送数据也可以省略)",
			"//3.5注册回调函数",
			"//4.请求主体发送(get请求为空，或者写null，post请求数据写在这里，如果没有数据，直接为空或者写null)"
		],
		"description": "快速生成ajax五步使用注释"
	},
	"my_qs": {
		"prefix": "my_qs",
		"body": [
			"document.querySelector('$1')"
		],
		"description": "快速生成QS"
	},
	"my_qsa": {
		"prefix": "my_qsa",
		"body": [
			"document.querySelectorAll('$1')"
		],
		"description": "快速生成QSA"
	},
	".log": {
		"prefix": ".log",
		"body": [
			"console.log($1);",
		],
		"description": "自己实现的快速呼出console.log"
	},
	"for": {
		"prefix": "for",
		"body": [
			"for(var $1=0;$1<$2.length;$1++){",
			"   $2",
			" }"
		],
		"description": "快速生成for循环"
	},
	"forin": {
		"prefix": "forin",
		"body": [
			"for(var $1 in $2 ){",
			"  $1",
			" }"
		],
		"description": "快速生成forin循环"
	},
	"if": {
		"prefix": "if",
		"body": [
			"if( $1 ){",
			" $2 ",
			"}"
		],
		"description": "快速生成if语句"
	},
	"if-else": {
		"prefix": "if-else",
		"body": [
			"if( $1 ){",
			"  $2 ",
			"}else{",
			"  $2",
			"}"
		],
		"description": "快速生成if else 语句"
	},
	"dgi": {
		"prefix": "dgi",
		"body": [
			"var $1 = document.getElementById('#$1')"
		],
		"description": "快速生成id获取元素"
	},
	"dgc": {
		"prefix": "class",
		"body": [
			"var $1 = document.getElementsByClassName('.$1')"
		],
		"description": "快速生成类名获取元素"
	},
	"tag": {
		"prefix": "tag",
		"body": [
			"var $1 = document.getElementsByTagName('$1')"
		],
		"description": "快速生成类名获取元素"
	},
	"jq": {
		"prefix": "jq",
		"body": [
			"$(function(){",
			"  $1",
			"})"
		],
		"description": "JQ入口函数"
	},
	"load": {
		"prefix": "load",
		"body": [
			"window.onload=function(){",
			"  $1",
			"}"
		],
		"description": "JS入口函数"
	},
	"fn": {
		"prefix": "fn",
		"body": [
			"function(){",
			"  $1",
			"}"
		],
		"description": "匿名函数"
	},

	"aj": {
		"prefix": "aj",
		"body": [
			"$.ajax({",
			"  url: '$1',",
			"  data: ,",
			"  type: '',",
			"  success: function (backData) {",
			"     console.log(backData);",
			"  }",
			"})"
		],
		"description": "ajax调用接口"
	},

	"aj_fl": {
		"prefix": "aj_fl",
		"body": [
			"$.ajax({",
			"  url: '$1',",
			"  data: ,",
			"  contentType:false,",
			"  processData:false,",
			"  type: '',",
			"  success: function (backData) {",
			"     $1",
			"  }",
			"})"
		],
		"description": "ajax调用接口需要传送大文件"
	},

	"on": {
		"prefix": "on",
		"body": [
			"$('$1').on('click', '$2', function () {",
			" $3",
			" })",
		],
		"description": "on寄托click事件"
	},

	"le": {
		"prefix": "le",
		"body": [
			"let $1 = ($2) => {",
			"  $3",
			" }",
		],
		"description": "箭头函数"
	},
	"wr": {
		"prefix": "wr",
		"body": [
			"response.writeHead($1, {",
			"  'content-type': 'text/html;charset=utf-8'",
			" })",
		],
		"description": "设置头为utf-8"
	},

	"f": {
		"prefix": "f",
		"body": [
			"()=>{",
			"  $1",
			"}"
		],
		"description": "箭头匿名函数"
	},
	"ht": {
		"prefix": "ht",
		"body": [
			"// 引入http",
			"let http = require('http');",
			"    // 开启服务器",
			"http.createServer((request, response) => {",
			"    // 响应服务器",
			"    response.end('you come')",
			"}).listen($1, '127.0.0.1', () => { ",
			"    console.log('监听 success');",
			"})"
		],
		"description": "创建nodejs服务器的基本代码"
	},

	"apg": {
		"prefix": "apg",
		"body": [
			"app.get('/$1',(req,res)=>{",
			"   res.send('过来了')",
			"})",
		],
		"description": "express的get方法"
	},
	"exp": {
		"prefix": "exp",
		"body": [
			"var express = require('express');",
			"var app = express();",
			"app.use(express.static('$2'));",
			"// get方法",
			"app.get('/$1', function (req, res) {",
			"   res.send('you come');",
			" });",
			"// 开启监听",

			"app.listen($2, function () {",
			"   console.log('监听 success');",
			" });",
		],
		"description": "使用express开启后台服务"
	},

	"msq": {
		"prefix": "msq",
		"body": [
			"var connection = mysql.createConnection({",
			"   host: 'localhost',",
			"   user: '$1',",
			"   password: '$2',",
			"   database: '$3'",
			"});",
			"",
			"connection.connect();",
		],
		"description": "使用mysql开启服务器"
	},

	"msqr": {
		"prefix": "msqr",
		"body": [
			"let sql=`$1`",
			"connection.query(sql, function (error, results, fields) {",
			"if (error) throw error;",
			" $2  ",
			"});",
		],
		"description": "使用mysql返回结果"
	},

	"mul": {
		"prefix": "mul",
		"body": [
			"var form = new multiparty.Form({",
			"    uploadDir:$1",
			"});",
			"",
			"form.parse(req, function (err, fields, files) {",
			"//以下两行代码可能用不上",
			"  res.writeHead(200, {'content-type': 'text/plain'});",
			"  res.end(util.inspect({fields: fields, files: files}));",
			"});"
		],
		"description": "使用multiparty读取图片路径"
	},

	"npm_mysql": {
		"prefix": "npm_mysql     sql数据库",
		"body": [
			"const mysql = require('mysql');    //导入mysql模块",
			"let connection = mysql.createConnection({    //调用模块的方法创建链接",
			"    host     : 'localhost',",
			"    user     : 'root',",
			"    password : 'root',",
			"    database : '$1'      //填入要链接数据库的名字",
			"});",

			"connection.connect();    //链接数据库",
			"let sql = `       `;     //sql语句要自己写",
			"connection.query(sql, function (error, results, fields) {   //执行sql语句",
			"    if (error) throw error;    //如果有错抛出异常",
			"    console.log('The results is: ', results);    //输出结果 编写后续逻辑",
			"});",

			"connection.end();    //关闭链接",
			"//请使用命令 npm i mysql mysql"
		],
		"description": "nodejs中呼出mysql操作数据库"
	},
	"app.get": {
		"prefix": "app.get    集合版",
		"body": [
			"//get请求",
			"app.get( '/path' ,  (req, res)=> {    //必须是,满足是get请求,且访问的是/path这个路径才会进入函数内部",
			"   console.log(req.query);    //查看是否带有数据过来",
			"// 这中间代码 查询和删除 --------------------------------- ",
			"   let sql = ` ",
			"   select * from 表单名 where 条件,",
			"   delete from 表单名 where 条件,",
			"   insert into  表单名(字段) values(内容),",
			"   update 表单名 set 字段1=值1 , 字段2=值2 where 条件,",
			"     `;",
			" ",
			"   connection.query(sql, function (error, results, fields) {",
			"       if (error) throw error;",
			"       console.log('The results is: ', results);",
			" ",
			"       // 如果需要模板渲染-----------------------------",
			"       let html = tem(path.join(__dirname,'xxx.art'),{ //模板所存放的绝对路径",
			"           results",
			"       });",
			"       // 如果需要模板渲染-----------------------------",
			" ",
			"       res.send(   )",
			"   });",
			"// 这中间代码 查询和删除--------------------------------- ",
			" ",
			"})",
		],
		"description": "express中get请求 "
	},
	"npm_tem": {
		"prefix": "npm_tem       模板",
		"body": [
			"const tem = require('art-template');    //导入art-template模块",
			"let html = tem(path.join(__dirname,'$1.art'),{    //模板所存放的绝对路径",
			"    results",
			"});",
			"console.log(html);",
		],
		"description": "模板引擎"
	},
	"mongo_insert": {
		"prefix": "mongo_insert    新增数据",
		"body": [
			"// npm i mongodb",
			"// 在终端使用上面这行命令下载mongodb",
			"// -------------------------------------",
			"// 导入mongodb模块 npm ",
			"const MongoClient = require('mongodb').MongoClient;",
			"// Connection URL",
			"// mongodb://localhost:27017  --- 数据库地址",
			"const url = 'mongodb://localhost:27017';",
			"// Use connect method to connect to the server",
			"// 创建链接",
			"MongoClient.connect(url, function (err, client) {",
			"    // Database Name",
			"    // test-使用库的名字",
			"    const db = client.db('test');",
			"    // 链接到集合 hero-使用集合的名字",
			"    const collection = db.collection('hero');",
			"    //  给集合中添加多个数据   insertMany([多个数据]) 数据形式给对象",
			"    collection.insertMany([{",
			"    }], (err, result) => {",
			"        console.log(result)",
			"    });",
			"    // 关闭链接",
			"    client.close();",
			"});",
		],
		"description": "mongoDB_insert    新增数据"
	},
	"mongo_find": {
		"prefix": "mongo_find 查找",
		"body": [
			"// npm i mongodb",
			"// 在终端使用上面这行命令下载mongodb",
			"// -------------------------------------",
			"// 导入mongodb模块 npm ",
			"const MongoClient = require('mongodb').MongoClient;",
			"// Connection URL",
			"// mongodb://localhost:27017  --- 数据库地址",
			"const url = 'mongodb://localhost:27017';",
			"// Use connect method to connect to the server",
			"// 创建链接",
			"MongoClient.connect(url, function (err, client) {",
			"    // Database Name",
			"    // test-使用库的名字",
			"    const db = client.db('test');",
			"    // 链接到集合 hero-使用集合的名字",
			"    const collection = db.collection('hero');",
			"    // 精确查找 find({key:val,key1:val1,...}) 不给对象就是找全部",
			"    collection.find({}).toArray((err, docs) => {",
			"        console.log(docs)",
			"    });",
			"    // 关闭链接",
			"    client.close();",
			"});",
		],
		"description": "mongo_find 查找"
	},
	"mongo_update": {
		"prefix": "mongo_update    更改",
		"body": [
			"// npm i mongodb",
			"// 在终端使用上面这行命令下载mongodb",
			"// -------------------------------------",
			"// 导入mongodb模块 npm ",
			"const MongoClient = require('mongodb').MongoClient;",
			"// Connection URL",
			"// mongodb://localhost:27017  --- 数据库地址",
			"const url = 'mongodb://localhost:27017';",
			"// Use connect method to connect to the server",
			"// 创建链接",
			"MongoClient.connect(url, function (err, client) {",
			"    // Database Name",
			"    // test-使用库的名字",
			"    const db = client.db('test');",
			"    // 链接到集合 hero-使用集合的名字",
			"    const collection = db.collection('hero');",
			"    // 集合中更新数据 updateOne({key:val},{$set:{key:val}})",
			"    collection.updateOne({",
			"        a: 2",
			"    }, {",
			"        $set: {",
			"            b: 1",
			"        }",
			"    }, (err, result) => {",
			"        console.log(result)",
			"    });",
			"    // 关闭链接",
			"    client.close();",
			"});",
		],
		"description": "mongo_update 更改"
	},
	"mongo_remove": {
		"prefix": "mongo_remove    删除",
		"body": [
			"// npm i mongodb",
			"// 在终端使用上面这行命令下载mongodb",
			"// -------------------------------------",
			"// 导入mongodb模块 npm ",
			"const MongoClient = require('mongodb').MongoClient;",
			"// Connection URL",
			"// mongodb://localhost:27017  --- 数据库地址",
			"const url = 'mongodb://localhost:27017';",
			"// Use connect method to connect to the server",
			"// 创建链接",
			"MongoClient.connect(url, function (err, client) {",
			"    // Database Name",
			"    // test-使用库的名字",
			"    const db = client.db('test');",
			"    // 链接到集合 hero-使用集合的名字",
			"    const collection = db.collection('hero');",
			"    // 集合中删除数据 deleteOne({key:val,key1:val1,...})",
			"    collection.deleteOne({",
			"        a: 3",
			"    }, (err, result) => {",
			"        console.log(result)",
			"    });",
			"    // 关闭链接 注意js为异步执行 关闭链接应当在数据库操作完成之后------------------",
			"    client.close();",
			"",
			"});",
		],
		"description": "mongo_remove 删除"
	},
	"exp_captcha": {
		"prefix": "express_captcha   验证图片",
		"body": [
			"// npm i svg-captcha",
			"// 使用以上代码在项目中下载安装svg-captcha模块 --------------------------",
			"// 导入svg-captcha模块 随机生成验证码图片",
			"const svgCaptcha = require('svg-captcha');",
			" ",
			" ",
			"// 一般写在回调函数中 调用模块方法生成图片 ---------------------------",
			"var captcha = svgCaptcha.create();",
			"// 将图片的文本信息存入session中 前提框架中必须要有session中间件",
			"req.session.captcha = captcha.text.toLocaleLowerCase();",
			"// 设置响应回去的类型为svg",
			"res.type('svg');",
			"// 设置状态码 200  及 响应回去的图片",
			"res.status(200).send(captcha.data);",
		],
		"description": "npm_captcha   验证图片"
	},
	"exp_session": {
		"prefix": "express_session   在express引入req.session对象",
		"body": [
			"// npm i express-session",
			"// 使用以上代码在项目中下载安装express-session模块 --------------------------",
			"// 导入模块",
			"const session = require('express-session');",
			" ",
			"// 使用express-session中间件 开启session 必须写在 let app = express() 代码后面 后续中间件req中可以获取session",
			"app.use(session({",
			"    // 设置加密字符串 为必填",
			"    secret: 'keyboard cat',",
			"}));",
		],
		"description": "express_session   在express引入req.session对象"
	},
	"exp_body-parser": {
		"prefix": "express_body-parser   在express中引入req.body对象",
		"body": [
			"// npm i body-parser",
			"// 使用以上代码在项目中下载安装body-parser模块 --------------------------",
			"// 导入模块",
			"const bodyParser = require('body-parser')",
			"",
			"",
			"// 使用body-parser中间件 解析form表单传递过来的数据 必须写在 let app = express() 代码后面 后续中间件req中可以获取session",
			"app.use(bodyParser.urlencoded({ extended: false }))",
			"// 将传递过的数据解析为对象",
			"app.use(bodyParser.json())",
		],
		"description": "express_body-parser   在express中引入req.body对象"
	},



	"vue-com": {
		"prefix": "vue-com 定义vue  component组件",
		"body": [

			"// 定义一个  新组件",
			"Vue.component('$1', {",
			"    data: function () {",
			"        return {",
			"        // 数据",
			"              $2",
			"        }",
			"    },",
			"     // 模板",
			"    template: '#$3',",
			"     // 方法",
			"     methods:{",
			"         $4",
			"     },",
			"     // 计算数属性",
			"     computed:{",
			"         $5",
			"     },",
			"})",
			"",
			"let app = new Vue({",
			"      // 选择器",
			"      el: '#app',",
			"})",
		],
		"description": "定义vue component组件"
	},

	"axi-get": {
		"prefix": "axi-get 利用axios调用ajax(get方法)",
		"body": [
			"axios.get('$1', {",
			"        params: {",
			"            $2    : $3",
			"    }",
			"})",
			".then((response) => {",
			"     console.log(response)",
			"})",
			".catch(function (error) {",
			"console.log(error);",
			"})",
		],
		"description": "axi 利用axios调用ajax(get方法)"
	},

	"axi-post": {
		"prefix": "axi-post 利用axios调用ajax(post方法)",
		"body": [
			"const params = new URLSearchParams();",
			"// 需要传入的参数",
			"params.append('$1', '$2');",
			"",
			"axios.post('$3', params)",
			"    .then((response) => {",
			"        console.log(response);",
			"    })",
			"    .catch(function (error) {",
			"        console.log(error);",
			"    });",
		],
		"description": "post方法 利用axios调用ajax(post方法)"
	},
	"vue": {
		"prefix": "vue 使用vue项目初始化",
		"body": [
			"import Vue from 'vue'",
			"import App from './App.vue';",
			"// 引入路由模块",
			"import VueRouter from 'vue-router';",
			"// 引入index模块",
			"import index from './components/index.vue';",
			"",
			"// 使用路由中间件",
			"Vue.use(VueRouter);",
			"",
			"// 注册路由规则",
			"const router = new VueRouter({",
			"routes: [",
			"    {",
			"      path: '/',",
			"      component: index,",
			"    }",
			"  ]",
			"})",
			"",
			"// 引入公共样式",
			"import ' '",
			"",
			"Vue.config.productionTip = false",
			"",
			"new Vue({",
			" el:'#app',",
			"// 渲染 App组件",
			"render: h => h(App),",
			"// 挂载到vue",
			"router",
			"})",
		],
		"description": "vue 使用vue项目初始化"
	},




}