{
	/*
		// Place your snippets for Sass here. Each snippet is defined under a snippet name and has a prefix, body and 
		// description. The prefix is what is used to trigger the snippet and the body will be expanded and inserted. Possible variables are:
		// $1, $2 for tab stops, $0 for the final cursor position, and ${1:label}, ${2:another} for placeholders. Placeholders with the 
		// same ids are connected.
		// Example:
		"Print to console": {
			"prefix": "log",
			"body": [
				"console.log('$1');",
				"$2"
			],
			"description": "Log output to console"
		}
	*/
	"my_img": {
		"prefix": "my_img",
		"body": [
			"width: p2r($1);",
			"height: p2r($2);",
			"position: absolute;",
			"background: url('$3) no-repeat $4 / 100% 100% ;",
			"$0"
		],
		"description": "快速创建定位背景图"
	}
}